{
    "type": "service_account",
    "project_id": "test",
    "private_key_id": "21273389783837748783789892783",
    "private_key": "-----BEGIN PRIVATE KEY-----gduygdhxbdhxhddbhjdebhuxbdhvhdvhxbhjsvxhbshjxbhjvdxhjdhjxbjsabjxhbsjbxjhsvb-----END PRIVATE KEY-----\n",
    "client_email": "Himani.Ranpariya@gmail.com",
    "client_id": "10837839890821082928",
    "auth_uri": "https://accounts.google.com/o/oauth2/auth",
    "token_uri": "https://oauth2.googleapis.com/token",
    "auth_provider_x509_cert_url": "https://www.googleapis.com/oauth2/v1/certs",
    "client_x509_cert_url": "https://www.googleapis.com/robot/v1/metadata/x509/Himani.Ranpariya@gmail.com",
    "universe_domain": "googleapis.com"
  }